{
	"M": 4,

	"N": 4,

	"K": 4,
    "T": 3,
	"sigma": 0.00000000001,
	"e": 0.0000001,
	"md": 750,
	"ps": 0.01,
	"pd": 0.0005,
	"pc": 10,
	"pmax": 50,
	"snr": 1,
	"alpha": 1


}